Date,Year,Earnings,CPI,Hourly,SP500,GDP,Nasdaq,Wages,Dow,MedInc
1/1/1964,1964,1,1,1,1,1,1,1,1,1
2/1/1964,1964,0.014742015,-0.001079914,0.007853403,0.012295618,0,0,0.012619267,0.018845222,0
3/1/1964,1964,0.012106538,0.001081081,0.004,0.018219408,0,0,0.005167173,0.01643483,0
4/1/1964,1964,0.011961722,0.001079914,0.006591815,0.014467005,0.013215451,0,0.006652555,-0.003097803,0
5/1/1964,1964,0.011820331,0,0,0.009757318,0,0,0.00600781,0.012074625,0
6/1/1964,1964,0.011682243,0.002157497,0.003968254,-0.005946482,0,0,0.005374739,0.010064188,0
7/1/1964,1964,0.011547344,0.002152853,0.003952569,0.037138584,0.019681025,0,0.007128007,0.00839286,0
8/1/1964,1964,0.00913242,-0.001074114,0.001336135,-0.014659938,0,0,0.007667355,1.42933E-06,0
9/1/1964,1964,0.011312217,0.002150538,0.003921569,0.017195122,0,0,0.004975124,0.040743081,0
10/1/1964,1964,0.006711409,0.001072961,-0.00390625,0.017264117,0.007641276,0,-0.000291206,-0.00261628,0
11/1/1964,1964,0.004444444,0.002143623,0.006529157,0.006953447,0,0,0.009321293,-0.000563184,0
12/1/1964,1964,0.006637168,0.001069519,0.010423413,-0.017322097,0,0,0.010966811,-0.001485219,0
1/1/1965,1965,0.008791209,0,0,0.025726536,0.029356722,0,0.001712818,0.032866914,0
2/1/1965,1965,0.010893246,0,0.003875969,0.007315374,0,0,0.005414648,0.000686651,0
3/1/1965,1965,0.00862069,0.001068376,0.007722008,0.00092219,0,0,0.005385488,-0.01917565,0
4/1/1965,1965,0.010683761,0.003201708,-0.003831418,0.013129103,0.017276641,0,0.004228926,0.03414676,0
5/1/1965,1965,0.012684989,0.00212766,0.010296164,0.01489144,0,0,0.009264458,-0.004630172,0
6/1/1965,1965,0.010438413,0.005307856,-0.001357519,-0.047491039,0,0,0.004172462,-0.060443142,0
7/1/1965,1965,0.010330579,0.001055966,0,-0.001528692,0.026201364,0,0.007479224,0.015794385,0
8/1/1965,1965,0.008179959,-0.002109705,0.001201757,0.018607938,0,0,0.006598845,0.012884598,0
9/1/1965,1965,0.010141988,0.002114165,0.00639512,0.033414268,0,0,0.007375034,0.041965991,0
10/1/1965,1965,0.014056225,0.001054852,0.001173135,0.022488252,0.030072479,0,0.013828633,0.029216053,0
11/1/1965,1965,0.013861386,0.002107482,0.006366566,0.008316008,0,0,0.008558438,-0.014685681,0
12/1/1965,1965,0.013671875,0.003154574,0,-0.004557786,0,0,0.008485813,0.020683094,0
1/1/1966,1966,0.009633911,0,0.003745318,0.017333479,0.030934487,0,0.004733105,0.014701462,0
2/1/1966,1966,0.009541985,0.006289308,0.006331684,-0.006750964,0,0,0.010206752,-0.038217189,0
3/1/1966,1966,0.009451796,0.003125,0.003717472,-0.041104758,0,0,0.008290155,-0.031495449,0
4/1/1966,1966,0.007490637,0.004153686,0.003703704,0.03060306,0.011620717,0,0.008992806,0.003370581,0
5/1/1966,1966,0.007434944,0.001034126,-0.001496992,-0.052620087,0,0,0.007130125,-0.05313299,0
6/1/1966,1966,0.007380074,0.003099174,0.003676471,-0.008296843,0,0,0.01011378,-0.01887432,0
7/1/1966,1966,0.003663004,0.003089598,0.001056087,-0.002556356,0.018207883,0,0.009762203,-0.029161293,0
8/1/1966,1966,0.001824818,0.00513347,0.003649635,-0.060461323,0,0,0.007436787,-0.075202764,0
9/1/1966,1966,0.003642987,0.002042901,0.001022727,-0.035213887,0,0,0.005659449,-0.017998721,0
10/1/1966,1966,0.001814882,0.004077472,0.006243614,-0.008739237,0.016670774,0,0.007340347,0.036105374,0
11/1/1966,1966,0.003623188,0,0.00099654,0.050045378,0,0,0.004857906,-0.019180616,0
12/1/1966,1966,0.001805054,0.001015228,-0.002610966,0.004198049,0,0,0.003384095,-0.007453083,0
1/1/1967,1967,-0.005405405,0,0.009830879,0.038362228,0.01304209,0,0.00746808,0.081712497,0
2/1/1967,1967,-0.007246377,0.001014199,-0.006909735,0.034458259,0,0,0.00023912,-0.012378249,0
3/1/1967,1967,-0.005474453,0.002026342,0,0.023580586,0,0,0.004303132,0.02855316,0
4/1/1967,1967,-0.00733945,0.002022245,0.000910807,0.017222098,0.005701458,0,0.004046656,0.032707169,0
5/1/1967,1967,-0.007393715,0.003027245,0.003546099,0.017919965,0,0,0.002133713,-0.052393213,0
6/1/1967,1967,-0.00744879,0.003018109,0.007067138,-0.012528351,0,0,0.008516678,0.005923395,0
7/1/1967,1967,-0.001876173,0.005015045,0.003508772,0.01728098,0.019140548,0,0.006568144,0.048011972,0
8/1/1967,1967,-0.001879699,0.002994012,0.006993007,0.015912267,0,0,0.007923561,-0.006222745,0
9/1/1967,1967,-0.001883239,0.00199005,0,0.013969732,0,0,0.004393064,0.025087072,0
10/1/1967,1967,0.001886792,0.002979146,0.003472222,-0.001565599,0.018730215,0,0.005064457,-0.053470809,0
11/1/1967,1967,0.001883239,0.002970297,0.009584226,-0.03136107,0,0,0.012368301,-0.007450155,0
12/1/1967,1967,0.001879699,0.0029615,-0.001858753,0.028491258,0,0,0.009276018,0.030483829,0
1/1/1968,1968,0.00750469,0.003937008,0.004178627,-0.002728227,0.031707242,0,0.00627662,-0.060416483,0.085205596
2/1/1968,1968,0.005586592,0.002941176,0.008738602,-0.045138889,0,0,0.014034306,-0.020349482,0
3/1/1968,1968,0.007407407,0.004887586,0.004116223,-0.018292011,0,0,0.007469244,-0.002707022,0
4/1/1968,1968,0.007352941,0.002918288,0.004063625,0.073857897,0.027443762,0,0.006105539,0.081945262,0
5/1/1968,1968,0.009124088,0.002909796,0.006012951,0.022995714,0,0,0.010403121,-0.017374914,0
6/1/1968,1968,0.007233273,0.005802708,0.005994695,0.026872382,0,0,0.008365508,-0.007061581,0
7/1/1968,1968,0.005385996,0.004807692,0.003981438,-0.00199005,0.017639114,0,0.009359711,-0.022157147,0
8/1/1968,1968,0.005357143,0.002870813,0.00330033,-0.021834497,0,0,0.007586934,0.011858269,0
9/1/1968,1968,0.005328597,0.002862595,0.009868421,0.032514525,0,0,0.008993934,0.041429027,0
10/1/1968,1968,0.005300353,0.005708849,0.003257329,0.024679171,0.018094812,0,0.006633499,0.011938922,0
11/1/1968,1968,0.007029877,0.003784295,0.001154018,0.015414258,0,0,0.008855025,0.031360732,0
12/1/1968,1968,0.005235602,0.002827521,0.003225806,0.010436433,0,0,0.005919575,-0.044577784,0
1/1/1969,1969,0.003472222,0.002819549,0.008565916,-0.042253521,0.026142785,0,0.005073052,-0.000452225,0.085286458
2/1/1969,1969,0.003460208,0.003748828,0.00107121,-0.004901961,0,0,0.005855037,-0.048436136,0
3/1/1969,1969,0.003448276,0.008403361,0.009053079,-0.021674877,0,0,0.011039743,0.024858394,0
4/1/1969,1969,0.001718213,0.006481481,0.009005521,0.020140987,0.015788197,0,0.006551519,0.010043782,0
5/1/1969,1969,0,0.00275989,0.000483793,0.032576505,0,0,0.008481262,-0.015912025,0
6/1/1969,1969,0.001715266,0.006422018,0.003593344,-0.052198853,0,0,0.008996675,-0.073767416,0
7/1/1969,1969,0.003424658,0.004557885,0.003115265,-0.044684285,0.020748845,0,0.011823997,-0.071255778,0
8/1/1969,1969,0.001706485,0.004537205,0.00889441,-0.00559603,0,0,0.009195402,0.02051138,0
9/1/1969,1969,0.003407155,0.004516712,0.003496848,0.003503929,0,0,0.007023538,-0.030882929,0
10/1/1969,1969,-0.006791171,0.003597122,0.003451943,0.0106867,0.007952767,0,0.005466541,0.04717527,0
11/1/1969,1969,-0.005128205,0.005376344,0.008787661,0.007223618,0,0,0.005624297,-0.05610238,0
12/1/1969,1969,-0.006872852,0.006238859,0.003030303,-0.053009043,0,0,0.005965697,-0.01998483,0
1/1/1970,1970,-0.008650519,0.003542958,-0.005333333,-0.008780595,0.012573364,0,0.004447739,-0.072782799,0.042471506
2/1/1970,1970,-0.008726003,0.005295675,0.006042296,-0.034879858,0,0,0.005166052,0.03956713,0
3/1/1970,1970,-0.008802817,0.005267779,0.006303891,0.017094998,0,0,0.006791483,0.005067012,0
4/1/1970,1970,-0.007104796,0.006113537,-0.005376344,-0.030456853,0.015387177,0,-0.003281677,-0.070345572,0
5/1/1970,1970,-0.005366726,0.004340278,0.00297619,-0.115066899,0,0,0.003658314,-0.05081233,0
6/1/1970,1970,-0.007194245,0.005185825,0.006175315,-0.006179332,0,0,0.005649718,-0.029239405,0
7/1/1970,1970,-0.009057971,0.003439381,0.005659174,0.001719804,0.017504626,0,0.005617978,0.068537159,0
8/1/1970,1970,-0.010968921,0.001713796,0.008797654,0.029054411,0,0,0.003063615,0.041491594,0
9/1/1970,1970,-0.009242144,0.005132592,-0.002514142,0.059804928,0,0,-0.00161696,-0.010200218,0
10/1/1970,1970,-0.014925373,0.005106383,0,0.021675951,0.002347018,0,-0.003059205,-0.011783502,0
11/1/1970,1970,-0.013257576,0.00338696,0.005797101,-0.00106673,0,0,0.00198556,0.045643856,0
12/1/1970,1970,-0.015355086,0.005063291,0.008645533,0.068462269,0,0,0.008827238,0.051116252,0
1/1/1971,1971,0.005847953,0.000839631,0.008571429,0.038200999,0.042759193,0,0.01375,0.035259549,0.0317643
2/1/1971,1971,0.005813953,0.001677852,0.002932935,0.038720719,0,0,0.004756033,0.009402273,0
3/1/1971,1971,0.005780347,0.003350084,0.002816901,0.025641026,0,0.043103975,0.005259467,0.026522392,0
4/1/1971,1971,0.005747126,0.003338898,0.008358081,0.034136546,0.018600968,0.057111501,0.00523195,0.038756549,0
5/1/1971,1971,0.007619048,0.004991681,0.005639726,-0.013592233,0,-0.04086209,0.008848022,-0.0408215,0
6/1/1971,1971,0.005671078,0.005794702,0.005502427,-0.018503937,0,-0.011473352,0.003439381,-0.025703465,0
7/1/1971,1971,0.007518797,0.002469136,3.7533E-05,-0.007220217,0.018511231,-0.025928521,0.002742074,-0.038973483,0
8/1/1971,1971,0.005597015,0.002463054,0.008264463,-0.017777778,0,0.02748801,0.006836438,0.043543285,0
9/1/1971,1971,0.00742115,0.000819001,0.00273224,0.022213081,0,0.005630598,0.005262264,-0.012115017,0
10/1/1971,1971,0.016574586,0.001636661,0.005457016,-0.021227364,0.010717728,-0.038482739,0.00270179,-0.056553323,0
11/1/1971,1971,0.016304348,0.001633987,0.005434783,-0.046356254,0,-0.010756257,0.004546986,-0.009130002,0
12/1/1971,1971,0.016042781,0.004078303,0.010847532,0.068872602,0,0.092399427,0.01424979,0.065552477,0
1/1/1972,1972,0.007017544,0.000812348,0.016005871,0.041645659,0.033867178,0.041628858,0.011570248,0.01344656,0.073508087
2/1/1972,1972,0.005226481,0.00487013,0.007994851,0.01839303,0,0.049547678,0.012091503,0.023707967,0
3/1/1972,1972,0.006932409,0.001615509,0.005235602,0.023764259,0,0.019562775,0.007426542,0.011114972,0
4/1/1972,1972,0.008605852,0.002419355,0.005208333,0.010213556,0.029058783,0.022431241,0.004807692,0.011884325,0
5/1/1972,1972,0.010238908,0.003218021,0.002457278,-0.010110294,0,0.006700557,0.004784689,0.004442322,0
6/1/1972,1972,0.008445946,0.002405774,0.002717391,0.002785515,0,-0.020868317,0.006507937,-0.035319464,0
7/1/1972,1972,0.010050251,0.004,0.002430643,-0.007407407,0.019107385,-0.022506121,0.002996373,-0.009271583,0
8/1/1972,1972,0.008291874,0.001593625,0.005128205,0.035447761,0,0.014735049,0.010220126,0.039631551,0
9/1/1972,1972,0.009868421,0.003977725,0.007833296,-0.014414414,0,-0.0048863,0.009182879,-0.013262327,0
10/1/1972,1972,0.01465798,0.003169572,0.010344875,0.001828154,0.029706346,0.000100724,0.014959901,-0.002371566,0
11/1/1972,1972,0.016051364,0.002369668,0.002321465,0.050182482,0,0.01838027,0.00820544,0.063169605,0
12/1/1972,1972,0.014218009,0.003152088,-0.000210553,0.020851434,0,0.003473725,0.010097965,-0.000521563,0
1/1/1973,1973,0.020249221,0.003142184,0.0075,0.007659574,0.036560955,-0.042070121,0.008803342,-0.023001002,0.088009144
2/1/1973,1973,0.018320611,0.007047768,0.007693656,-0.035472973,0,-0.068879487,0.012128383,-0.050606243,0
3/1/1973,1973,0.019490255,0.00933126,0.005185854,-0.015761821,0,-0.033424029,0.007745141,-0.013498707,0
4/1/1973,1973,0.020588235,0.006933744,0.004666489,-0.018683274,0.026422696,-0.08813569,0.007975638,-0.037753484,0
5/1/1973,1973,0.021613833,0.006120888,0.002444988,-0.028105168,0,-0.054908721,0.006761617,-0.028486292,0
6/1/1973,1973,0.019746121,0.006844106,0.004878049,-0.02238806,0,-0.022864817,0.008288082,-0.017476573,0
7/1/1973,1973,0.020746888,0.002265861,0.007281553,0.009541985,0.014110746,0.073457544,0.008645125,0.036594363,0
8/1/1973,1973,0.021680217,0.018085908,-0.000306919,-0.018903592,0,-0.051769653,0.004777294,-0.058815917,0
9/1/1973,1973,0.019893899,0.00296077,0.009615385,0.01734104,0,0.057946854,0.009369319,0.06465204,0
10/1/1973,1973,0.020806242,0.008118081,-0.000342909,0.039772727,0.029606552,-0.017947748,0.00928235,0.001186292,0
11/1/1973,1973,0.01910828,0.007320644,0.012614315,-0.071038251,0,-0.156763956,0.011118737,-0.146034039,0
12/1/1973,1973,0.02,0.006540698,-0.003074347,-0.070784314,0,-0.020436512,0.005837632,0.028002676,0
1/1/1974,1974,0.008578431,0.00866426,0.001968264,0.014032496,0.010106422,0.020862876,0.003914158,-0.003108752,0.064559259
2/1/1974,1974,0.007290401,0.012884753,0.004683841,-0.027676621,0,-0.018857154,0.006318903,-0.007045456,0
3/1/1974,1974,0.008443908,0.01130742,0.006993007,0.042696629,0,-0.034211241,0.00494322,-0.028303327,0
4/1/1974,1974,0.015550239,0.005590496,-0.003162315,-0.051108374,0.026050674,-0.062633037,0.005982451,-0.015926743,0
5/1/1974,1974,0.014134276,0.011118833,0.021749613,-0.030175211,0,-0.088026736,0.01242236,-0.053068692,0
6/1/1974,1974,0.015098722,0.009621993,0.00633383,0.00133824,0,-0.060535588,0.009137188,-0.007969648,0
7/1/1974,1974,0.013729977,0.007488087,0.002252252,-0.116716784,0.019587518,-0.08611507,0.004915276,-0.063745302,0
8/1/1974,1974,0.014672686,0.012837838,0.008988764,-0.041356702,0,-0.119620236,0.007851718,-0.114710406,0
9/1/1974,1974,0.013348165,0.012008005,0.006144553,-0.10403788,0,-0.117972465,0.008173691,-0.114936898,0
10/1/1974,1974,-0.007683864,0.008569545,0.00385707,0.019377569,0.025418166,0.160212818,0.007727388,0.084130616,0
11/1/1974,1974,-0.008849558,0.008496732,-0.003328742,0.03312212,0,-0.04239553,-0.006033941,-0.077572235,0
12/1/1974,1974,-0.0078125,0.00712897,0.006564551,-0.065096181,0,-0.056926297,0.000885292,-0.011645905,0
1/1/1975,1975,-0.016872891,0.004504505,-0.000602192,0.081854779,0.010275186,0.161784982,0.001389942,0.137555595,0.051762806
2/1/1975,1975,-0.016018307,0.007046765,0.003711738,0.103914002,0,0.038323492,-0.002776025,0.042211677,0
3/1/1975,1975,-0.01744186,0.003816794,0.000858467,0.045942572,0,0.032448707,0.00328989,0.035577953,0
4/1/1975,1975,-0.018934911,0.005069708,0.00280112,0.011219862,0.022112893,0.034236959,0.000504477,0.065104685,0
5/1/1975,1975,-0.020506634,0.004413619,0.007087914,0.063503305,0,0.051978906,0.009454179,0.007529224,0
6/1/1975,1975,-0.019704433,0.008160703,0.006396588,0.025527192,0,0.039409356,0.007617383,0.048292513,0
7/1/1975,1975,-0.00879397,0.010585305,0.004237288,0.000974026,0.035092106,-0.054556741,0.005329037,-0.064405789,0
8/1/1975,1975,-0.007604563,0.003080715,0.014056862,-0.073305222,0,-0.052022829,0.015285996,0.002711147,0
9/1/1975,1975,-0.008939974,0.004914005,0.00209205,-0.01213394,0,-0.064388087,0.006677999,-0.054820131,0
10/1/1975,1975,0.009020619,0.006112469,0.006263048,0.046061179,0.030418991,0.030095954,0.010613919,0.047328123,0
11/1/1975,1975,0.007662835,0.006075334,0.008298755,0.016935757,0,0.016087125,0.009905717,0.022031162,0
12/1/1975,1975,0.00887199,0.004227053,0.004833396,-0.015210392,0,-0.018552775,0.008272276,-0.013196033,0
1/1/1976,1976,0.028894472,0.002405292,0.008939612,0.09199549,0.033292637,0.119546538,0.013947492,0.141935224,0.082480382
2/1/1976,1976,0.029304029,0.00239952,0.006122449,0.03861243,0,0.033076675,0.007975957,-0.006167071,0
3/1/1976,1976,0.027283511,0.002393776,-0.001475198,0.004970179,0,0.002252738,0.005275229,0.025821575,0
4/1/1976,1976,0.023094688,0.004179104,0.003273735,0.007912957,0.017492572,-0.009612396,0.007871321,-0.006263174,0
5/1/1976,1976,0.021444695,0.005945303,0.011613119,-0.00686948,0,-0.029455081,0.008375778,-0.02869152,0
6/1/1976,1976,0.022099448,0.005319149,0.001218557,0.005928854,0,0.020498022,0.003255135,0.022859831,0
7/1/1976,1976,0.010810811,0.005878895,0.005964215,0.023575639,0.018477249,0.005411598,0.007607966,-0.023264268,0
8/1/1976,1976,0.010695187,0.004675628,0.007083967,-0.008637236,0,-0.022645169,0.009993338,-0.016090413,0
9/1/1976,1976,0.010582011,0.004072135,0.008664927,0.021297193,0,0.013991218,0.006046614,0.013281989,0
10/1/1976,1976,0.012565445,0.00405562,-0.001670673,-0.034123223,0.025292093,-0.015266055,0.005900994,-0.030499624,0
11/1/1976,1976,0.012409514,0.00288517,0.009689922,-0.00686948,0,0.006931505,0.011406844,-0.020112216,0
12/1/1976,1976,0.012257406,0.00287687,0.003838772,0.03458498,0,0.070318283,0.007948443,0.057063391,0
1/1/1977,1977,0.00605449,0.005737235,-0.002668343,-0.008595989,0.028111337,-0.028745966,0.000959079,-0.054963757,0.069970845
2/1/1977,1977,0.005015045,0.010268112,0.018925962,-0.026974952,0,-0.020245413,0.01224316,-0.028792338,0
3/1/1977,1977,0.005988024,0.00621118,0.000985325,-0.003960396,0,-0.011264535,0.009781237,-0.024966392,0
4/1/1977,1977,0.010912698,0.007856341,0.010325256,-0.015407555,0.033822476,0.005904692,0.010103114,-0.000127615,0
5/1/1977,1977,0.011776251,0.005567929,0.007462687,-0.002927814,0,-0.003970187,0.012270571,-0.035191335,0
6/1/1977,1977,0.010669253,0.006644518,0.003703704,0.005366545,0,0.036485462,0.009677091,0.012974515,0
7/1/1977,1977,0.009596929,0.00440044,0.004581796,0.009165072,0.030431308,0.004246785,0.008575464,-0.033411262,0
8/1/1977,1977,0.008555133,0.003833516,0.003663004,-0.024451098,0,-0.008763068,0.005901771,-0.035305275,0
9/1/1977,1977,0.009425071,0.003818876,0.002673688,-0.015549872,0,0.004147706,0.011535402,-0.01995046,0
10/1/1977,1977,0.005602241,0.002717391,0.012886676,-0.025875507,0.02161793,-0.036018599,0.013271726,-0.037160222,0
11/1/1977,1977,0.005571031,0.004878049,0.002612613,0.005760614,0,0.052692148,0.007567672,0.009041833,0
12/1/1977,1977,0.005540166,0.00377562,0.002575853,-0.004879084,0,0.015002442,0.006547906,-0.001346862,0
1/1/1978,1978,0.000918274,0.005910801,-0.005178303,-0.038051588,0.017784288,-0.046083689,0.005835645,-0.079693298,0.100449223
2/1/1978,1978,0.000917431,0.006410256,0.013843982,-0.014072022,0,-0.00033632,0.010272018,-0.042162739,0
3/1/1978,1978,0.00091659,0.007430998,0.012687348,-0.001798157,0,0.038449523,0.014780644,0.012347904,0
4/1/1978,1978,0.009157509,0.008956797,0.010471204,0.043796442,0.058505239,0.076018791,0.017070229,0.096905208,0
5/1/1978,1978,0.009981851,0.009399478,0.005181347,0.050695718,0,0.03436707,0.006932409,-0.005245658,0
6/1/1978,1978,0.008984726,0.010346611,0.009685346,0.002566472,0,-0.010250333,0.012772896,-0.036456495,0
7/1/1978,1978,0.009795191,0.007168459,0.006825939,-0.004812615,0.027199821,0.041804088,0.009481216,0.044937007,0
8/1/1978,1978,0.010582011,0.005592272,0.000594873,0.069040025,0,0.064162281,0.00744285,0.012224723,0
9/1/1978,1978,0.009598604,0.007583418,0.005629058,0,0,-0.023249645,0.010026385,-0.01985298,0
10/1/1978,1978,0.021607606,0.008028098,0.01119979,-0.031761309,0.034193815,-0.17114146,0.013322884,-0.092976924,0
11/1/1978,1978,0.021996616,0.005475361,0.002176173,-0.058548708,0,0.027290175,0.00859328,0.003859386,0
12/1/1978,1978,0.020695364,0.004455446,0.008264463,0.014781966,0,0.024378019,0.010309278,0.003019552,0
1/1/1979,1979,0.02595296,0.008871365,0.002103136,0.03745708,0.020049262,0.056936969,0.008854782,0.033222365,0.099377635
2/1/1979,1979,0.026086957,0.011724475,0.010988507,-0.014843045,0,-0.037245907,0.0093622,-0.047169247,0
3/1/1979,1979,0.024653313,0.00965717,0.009291743,0.019036954,0,0.064390628,0.012008282,0.055154513,0
4/1/1979,1979,0.017293233,0.011477762,-0.015551743,0.01998002,0.0255825,0.004106945,0.000327332,-0.019682403,0
5/1/1979,1979,0.016260163,0.012293144,0.018242531,-0.023212537,0,-0.030307988,0.008835079,-0.050173193,0
6/1/1979,1979,0.016727273,0.011676787,0.007974482,0.019753334,0,0.039417074,0.011595848,0.012573987,0
7/1/1979,1979,0.015736767,0.010618652,0.006329114,0.009832842,0.029452229,0.011971188,0.009619238,-0.005682799,0
8/1/1979,1979,0.014788732,0.010050251,0.006289308,0.045764362,0,0.054516291,0.007066296,0.038611508,0
9/1/1979,1979,0.015267176,0.010402533,0.0078125,0.011173184,0,-0.013898924,0.009381898,-0.020641951,0
10/1/1979,1979,0.005468216,0.008952551,0.001550388,-0.037753223,0.021112138,-0.103657714,0.006248535,-0.07906673,0
11/1/1979,1979,0.004758668,0.00931677,0.007739938,-0.007655502,0,0.054789511,0.009469844,-0.00122594,0
12/1/1979,1979,0.00541272,0.010549451,0.007680492,0.039537126,0,0.036586858,0.010303729,0.009455607,0
1/1/1980,1980,0.009421265,0.014354067,-0.004102151,0.028756957,0.024215064,0.05524514,0.005708197,0.029384215,0.077489652
2/1/1980,1980,0.01,0.013722127,0.00913242,0.039675383,0,-0.036542621,0.008929923,-0.028143671,0
3/1/1980,1980,0.009240924,0.014382403,0.006199351,-0.091934085,0,-0.183470083,0.01020102,-0.103542456,0
4/1/1980,1980,-0.007848267,0.011259383,0.00163874,-0.016236867,0.002691909,0.056689181,0.003415503,0.028574919,0
5/1/1980,1980,-0.007251154,0.009896907,0.003094562,0.045631068,0,0.064256398,-0.000295989,0.030923213,0
6/1/1980,1980,-0.007968127,0.011024908,0.00600145,0.064066852,0,0.037090112,0.006069578,0.009091619,0
7/1/1980,1980,-0.00669344,0.000807754,0.002991202,0.045375218,0.021138205,0.088921401,0.001839317,0.077658066,0
8/1/1980,1980,-0.006738544,0.00645682,0.013061057,0.030884808,0,0.049059491,0.012337519,-0.010250608,0
9/1/1980,1980,-0.006784261,0.009222133,0.005788712,0.024291498,0,0.02568618,0.009575626,-0.008232925,0
10/1/1980,1980,0.004098361,0.008740564,0.01294964,0.029249012,0.045186336,0.017047918,0.014514622,-0.018162508,0
11/1/1980,1980,0.004081633,0.009058685,0.012840747,0.042242704,0,0.070851238,0.013386217,0.065666793,0
12/1/1980,1980,0.004065041,0.008587041,0.005641749,-0.016212233,0,-0.036943263,0.008876153,-0.038527714,0
1/1/1981,1981,-0.005398111,0.008126935,0.00986535,-0.003745318,0.046439911,-0.030225367,0.010252858,-0.02521564,0.072877239
2/1/1981,1981,-0.005427408,0.010364683,0.001274727,-0.034586466,0,-0.009121754,0.00548584,0.018450198,0
3/1/1981,1981,-0.005457026,0.007218845,0.01116324,0.037383178,0,0.054219148,0.008252063,0.023052866,0
4/1/1981,1981,0.009602195,0.006412674,0.005486968,0.009009009,0.012267437,0.024140239,0.006290584,-0.012895706,0
5/1/1981,1981,0.010190217,0.008245877,0.005457026,-0.020089286,0,0.023220604,0.005041339,-0.013547525,0
6/1/1981,1981,0.009414929,0.008550186,0.002579172,0.004555809,0,-0.043284582,0.008025682,-0.023883272,0
7/1/1981,1981,0.005996003,0.011426465,0.005398111,-0.024187453,0.031012176,-0.029776635,0.007430998,-0.035704682,0
8/1/1981,1981,0.005298013,0.007653061,0.009395973,0.003872967,0,-0.081936404,0.010537408,-0.08130036,0
9/1/1981,1981,0.005928854,0.010126582,-0.000392892,-0.087191358,0,-0.089194327,0.002932742,-0.045014489,0
10/1/1981,1981,0.001964637,0.002148228,0.003968254,0.012679628,0.006197922,0.082135977,0.004873611,0.000856099,0
11/1/1981,1981,0.001960784,0.002858164,0.008142292,0.025876461,0,0.028038943,0.004332644,0.039342638,0
12/1/1981,1981,0.001956947,0.002850018,-0.004394858,0.007323027,0,-0.030647402,-0.000579486,-0.018932804,0
1/1/1982,1982,-0.01171875,0.003552398,-0.01269146,-0.052504039,-0.00198609,-0.04082772,0.005669373,-0.007711794,0.056500448
2/1/1982,1982,-0.012516469,0.003185841,0.029325513,-0.023870418,0,-0.050694552,0.005893658,-0.056729011,0
3/1/1982,1982,-0.012008005,-0.001058574,-0.001834138,-0.03231441,0,-0.020007766,0.000764234,-0.000869612,0
4/1/1982,1982,-0.014179608,0.004238785,-0.000292079,0.049638989,0.017612914,0.046901068,0.0005091,0.026959217,0
5/1/1982,1982,-0.015068493,0.009848751,0.009009009,0.000859845,0,-0.042230234,0.008014248,-0.043184599,0
6/1/1982,1982,-0.014603616,0.012190874,0.00127551,-0.057560137,0,-0.052661134,0.002145381,-0.021394096,0
7/1/1982,1982,-0.014114326,0.00550585,0.006369427,-0.002734731,0.01030921,-0.027838152,0.00346304,-0.009328444,0
8/1/1982,1982,-0.015032212,0.002053388,0.002175178,0.00274223,0,0.059483751,0.003388342,0.112552559,0
9/1/1982,1982,-0.014534884,0.00170765,0.002881844,0.115770283,0,0.053948631,-0.001625915,-0.007868704,0
10/1/1982,1982,-0.022861357,0.002727583,-0.003242711,0.084150327,0.010765162,0.129676819,0.001565925,0.103172022,0
11/1/1982,1982,-0.022641509,-0.001700102,0.002512563,0.040693293,0,0.094632819,0.001938712,0.05034473,0
12/1/1982,1982,-0.023938224,-0.004087193,0.006660437,0.009413469,0,0.004612063,0.00617939,0.010799286,0
1/1/1983,1983,-0.005537975,0.002393981,0.012041864,0.035150646,0.020823139,0.066567903,0.006079404,0.025925512,0.045952951
2/1/1983,1983,-0.00636436,0.00034118,-0.007781894,0.017325017,0,0.048416393,-0.002774695,0.033146705,0
3/1/1983,1983,-0.005604484,0.000682128,0.007040361,0.034741144,0,0.038857426,0.006739628,0.015648707,0
4/1/1983,1983,0.004830918,0.007157464,0.006596222,0.038183015,0.03035487,0.074387578,0.007492937,0.077711235,0
5/1/1983,1983,0.00400641,0.005414552,0.00780775,0.040583386,0,0.047440781,0.009205072,-0.027350002,0
6/1/1983,1983,0.004788508,0.00336587,0.00244798,0.014015844,0,0.029115453,0.007671398,0.015193878,0
7/1/1983,1983,0.019062748,0.004025495,0.003663004,0.003605769,0.030828635,-0.050303126,0.009411342,-0.022762897,0
8/1/1983,1983,0.017926734,0.003341129,-0.00243309,-0.02754491,0,-0.040569812,0.001603421,0.01138567,0
9/1/1983,1983,0.018376723,0.004995005,0.011426375,0.02955665,0,0.009349518,0.010138741,0.008846767,0
10/1/1983,1983,0.018045113,0.002650762,0.010578684,0.002990431,0.028604467,-0.0773927,0.016669601,-0.009523629,0
11/1/1983,1983,0.018463811,0.001652346,-0.002840909,-0.014907573,0,0.038462635,0.00392587,0.039445588,0
12/1/1983,1983,0.017403916,0.001319696,0.002406739,-0.004842615,0,-0.02551602,0.00845362,-0.014392107,0
1/1/1984,1984,0.029223093,0.005601318,0.006002401,0.01216545,0.029870035,-0.042179287,0.010321624,-0.035936377,0.069188983
2/1/1984,1984,0.028393352,0.004587156,0.005698006,-0.0546875,0,-0.06391431,0.006829599,-0.05887288,0
3/1/1984,1984,0.027609428,0.002283105,-0.002106053,0.000635728,0,-0.009053472,0.007119632,0.006888157,0
4/1/1984,1984,0.020314548,0.004881224,0.007618796,0.001270648,0.025984032,-0.018034451,0.012468689,0.000245174,0
5/1/1984,1984,0.020552344,0.002914508,-0.002840909,-0.006345178,0,-0.061703468,0.002529001,-0.058922656,0
6/1/1984,1984,0.019509125,0.003228931,0.003550296,-0.022349936,0,0.026442184,0.010145325,0.021661668,0
7/1/1984,1984,0.007407407,0.003218539,0.003537736,-0.013063357,0.018617563,-0.045366876,0.007980456,-0.018674249,0
8/1/1984,1984,0.007352941,0.004170677,-0.002849003,0.088021178,0,0.104550246,0.003716271,0.093405305,0
9/1/1984,1984,0.00729927,0.004792332,0.007570925,0.010340633,0,-0.023238059,0.009283108,-0.01881307,0
10/1/1984,1984,0.001811594,0.00254372,-0.005698006,-0.00782661,0.015743649,-0.014574174,0.001541815,-0.002286998,0
11/1/1984,1984,0.001205546,0,0.005211213,0.009101942,0,-0.018623482,0.008705807,-0.015270366,0
12/1/1984,1984,0.001806141,0.000634317,0.007537923,-0.010823812,0,0.019397858,0.009104305,0.019033079,0
1/1/1985,1985,-0.004807692,0.001901743,-0.005698006,0.043161094,0.019673616,0.125569871,0.000886571,0.059906007,0.052455656
2/1/1985,1985,-0.005434783,0.004112623,0.000609007,0.054195804,0,0.015144845,0.004533139,-0.007029754,0
3/1/1985,1985,-0.004857316,0.004410838,0.00519503,-0.008291874,0,-0.021221846,0.011100161,-0.017057243,0
4/1/1985,1985,-0.015863331,0.004077792,0.003464203,0.006688963,0.015299392,4.43092E-05,-0.000307803,-0.011375075,0
5/1/1985,1985,-0.016119033,0.003748828,0.001150748,0.023809524,0,0.032477219,0.006671114,0.041694723,0
6/1/1985,1985,-0.016383113,0.003112356,0.004597701,0.021633315,0,0.016035361,0.009532548,0.012297214,0
7/1/1985,1985,-0.008327995,0.00155135,-0.00286533,0.019057702,0.021394276,0.015092427,0.000959402,0.007298042,0
8/1/1985,1985,-0.007751938,0.002168525,0.00228833,-0.021818182,0,-0.013592044,0.007314735,-0.012038171,0
9/1/1985,1985,-0.008463542,0.00309119,0.00456621,-0.022304833,0,-0.061219612,0.008163061,-0.006525924,0
10/1/1985,1985,-0.013788575,0.003081664,-0.001136364,0.011406844,0.013066781,0.039585424,0.005613233,0.030484232,0
11/1/1985,1985,-0.013315579,0.003379416,0.002275313,0.060687433,0,0.070796715,0.003556609,0.068024923,0
12/1/1985,1985,-0.01417004,0.002449479,0.009703576,0.049620253,0,0.031645229,0.011567238,0.047979596,0
1/1/1986,1986,-0.002053388,0.003054368,-0.002254791,0.004341534,0.014356132,0.030922322,-0.001119167,0.012720672,0.052508999
2/1/1986,1986,-0.002057613,-0.00274056,0.000514788,0.053794428,0,0.073310815,0.004043258,0.091114324,0
3/1/1986,1986,-0.002061856,-0.004580153,0.001126126,0.058796718,0,0.047134674,0.007520256,0.069042234,0
4/1/1986,1986,0.004132231,-0.002147239,-0.006865521,0.024537236,0.008306761,0.024414403,-0.001781759,-0.017391003,0
5/1/1986,1986,0.004801097,0.003074085,0.005148935,0.00210084,0,0.04172069,0.003811086,0.048888795,0
6/1/1986,1986,0.004095563,0.004903463,-0.000641129,0.02851153,0,0.007689306,0.005190311,0.003008622,0
7/1/1986,1986,0.003399048,0.000304971,-0.001121076,-0.020790868,0.013712726,-0.084093954,0.003824823,-0.062031942,0
8/1/1986,1986,0.002710027,0.001829268,0.006266908,0.019983347,0,0.029210761,0.006477424,0.067491319,0
9/1/1986,1986,0.003378378,0.004869142,-0.002881844,-0.027346939,0,-0.08837638,0.003975014,-0.073225819,0
10/1/1986,1986,-0.008080808,0.00090854,0.002237136,-0.003776752,0.010842359,0.027917514,0.008861237,0.061400358,0
11/1/1986,1986,-0.008825526,0.000907716,0.008486659,0.032434709,0,-0.004171061,0.007054756,0.018579543,0
12/1/1986,1986,-0.008219178,0.000906892,-0.002881844,0.014279886,0,-0.030866621,0.002876363,-0.010394556,0
1/1/1987,1987,0.014502762,0.006040471,0.004003259,0.063958166,0.01385448,0.116913254,0.006198825,0.130942993,0.048280024
2/1/1987,1987,0.013614704,0.003902732,0.006217372,0.062003781,0,0.08017193,0.008413406,0.027016097,0
3/1/1987,1987,0.014103425,0.004485646,0.002209945,0.041295835,0,0.007185019,0.007340202,0.031814417,0
4/1/1987,1987,-0.015231788,0.005358738,-0.001774196,-0.010940171,0.017789332,-0.033668128,0.002579769,-0.013539579,0
5/1/1987,1987,-0.014794889,0.002961208,0.006195331,-0.000691324,0,-0.006587615,0.007990249,-0.001215887,0
6/1/1987,1987,-0.015699659,0.004133451,-0.002873563,0.042545832,0,0.016104585,0.003896278,0.051711373,0
7/1/1987,1987,0.033287101,0.002058218,0.001097695,0.028865295,0.016311359,0.021318914,0.004193433,0.060685834,0
8/1/1987,1987,0.032214765,0.005575117,0.009479751,0.062237988,0,0.040682814,0.011950244,0.029866651,0
9/1/1987,1987,0.031209363,0.004960607,-0.001787369,-0.032483303,0,-0.028722357,0.002458405,-0.03021128,0
10/1/1987,1987,0.034678436,0.00261324,0.00615567,-0.120803263,0.025271289,-0.274283535,0.011167068,-0.233865899,0
11/1/1987,1987,0.032906764,0.001448016,0.005422993,-0.125624554,0,-0.056829181,0.007145951,-0.081068877,0
12/1/1987,1987,0.032448378,-0.000289184,-0.004674577,-0.016326531,0,0.082903301,0.01513653,0.057419201,0
1/1/1988,1988,0.020571429,0.002892682,0.001077586,0.039419087,0.013054728,0.040627073,-0.004786716,0.007297221,0.047438112
2/1/1988,1988,0.020716685,0.002019037,0.002890173,0.030339321,0,0.061833273,0.007618967,0.055070365,0
3/1/1988,1988,0.019747669,0.004605642,-0.003623245,0.029445951,0,0.01611105,0.006167364,-0.044639166,0
4/1/1988,1988,0.055406132,0.005157593,0.008284687,-0.011667294,0.022995357,0.007258609,0.010747722,0.017204072,0
5/1/1988,1988,0.051987768,0.003420753,0.00534188,-0.024752475,0,-0.027017645,0.004859813,-0.003762179,0
6/1/1988,1988,0.049903101,0.004261364,0,0.057008981,0,0.061514991,0.007729828,0.049658694,0
7/1/1988,1988,0.016151361,0.003960396,0.004250797,-0.005910602,0.017880223,-0.022786013,0.007629517,-0.010141374,0
8/1/1988,1988,0.016348774,0.004790082,-0.001835031,-0.02006689,0,-0.031643243,0.000529208,-0.049539275,0
9/1/1988,1988,0.015638963,0.006449804,0.005285412,0.016306409,0,0.022352322,0.006713321,0.032820067,0
10/1/1988,1988,0.014958205,0.00334355,0.011085204,0.035074627,0.02208549,-0.01661635,0.012447965,0.013617521,0
11/1/1988,1988,0.015171218,0.001110803,-0.000795823,-0.023071377,0,-0.029664372,-0.000878208,-0.01680187,0
12/1/1988,1988,0.014090521,0.00110957,-0.000808525,0.020295203,0,0.025210295,0.005913141,0.024134442,0
1/1/1989,1989,0.017263158,0.004987531,0.011035628,0.032188065,0.020695215,0.046768228,0.007467133,0.07458891,0.059873218
2/1/1989,1989,0.016556291,0.003859939,-0.002672799,0.030133146,0,-0.008201037,-0.000433668,-0.039894468,0
3/1/1989,1989,0.016286645,0.005767646,0.002066116,-0.004421769,0,0.011760404,0.005955668,0.009869681,0
4/1/1989,1989,0.003605769,0.007099945,0.008068131,0.032798087,0.018364245,0.044909237,0.006194864,0.047596274,0
5/1/1989,1989,0.003193613,0.005422993,-0.006800059,0.038372478,0,0.037523013,-0.004052527,0.019506484,0
6/1/1989,1989,0.003581377,0.002427184,0.003080082,0.031220134,0,-0.026766895,0.004812395,-0.018517553,0
7/1/1989,1989,-0.020222046,0.002690342,0.009066078,0.025332098,0.014771055,0.039989392,0.008254809,0.08778999,0
8/1/1989,1989,-0.020639417,0.001073249,0,0.044290449,0,0.032161754,-0.00115857,0.027308999,0
9/1/1989,1989,-0.02107438,0.00402037,0.001158831,0.002019619,0,0.004755777,0.005606248,-0.019556292,0
10/1/1989,1989,-0.010975095,0.004271223,0.010909262,0.000287936,0.009107757,-0.041257287,0.01172671,-0.022001493,0
11/1/1989,1989,-0.011523688,0.002126528,-0.004778109,-0.020725389,0,-0.001335756,0.00015201,0.020650191,0
12/1/1989,1989,-0.012521589,0.001591512,0.002113633,0.024691358,0,-0.004312236,0.004559617,0.015361295,0
1/1/1990,1990,-0.016615654,0.01032839,0.006935153,-0.024756168,0.021830316,-0.095129605,0.005635827,-0.068713132,0.029593777
2/1/1990,1990,-0.018230325,0.004718218,0.00499002,-0.028002471,0,0.018990499,0.010719525,0.00967331,0
3/1/1990,1990,-0.018568841,0.00573963,0.003972195,0.024239673,0,0.017191343,0.007517118,0.024826402,0
4/1/1990,1990,-0.006460545,0.001815824,-0.001920732,-0.000827276,0.014869989,-0.03680363,0.009049272,-0.020099274,0
5/1/1990,1990,-0.006038086,0.001812532,0.003952569,0.035691052,0,0.09040946,0.000366046,0.080071341,0
6/1/1990,1990,-0.006542056,0.005686224,0.006863938,0.028950749,0,0.001647357,0.006842548,-0.004101357,0
7/1/1990,1990,0.00752587,0.004112053,-0.003864569,-0.000998918,0.00924291,-0.055950682,0.006432621,0.004963865,0
8/1/1990,1990,0.007469655,0.008702329,0.004886646,-0.081326556,0,-0.137996677,-0.003286029,-0.108275271,0
9/1/1990,1990,0.007414272,0.008627252,0.00097941,-0.046379441,0,-0.103647193,0.006629954,-0.070031499,0
10/1/1990,1990,-0.005979761,0.006289308,-0.00098414,-0.02628325,-0.001726151,-0.048588195,-0.005542559,-0.009757567,0
11/1/1990,1990,-0.006478482,0.00175,0.004879993,0.02660198,0,0.086585997,0.00115812,0.045330471,0
12/1/1990,1990,-0.00605496,0.000499127,0.001937984,0.042690856,0,0.040948089,0.007591368,0.028913861,0
1/1/1991,1991,-0.007497657,0.005487653,0.000933184,-0.00991635,0.005070167,0.101749712,-0.005740322,0.033094605,0.012323293
2/1/1991,1991,-0.007082153,0.001736542,0.000963391,0.11296814,0,0.092201708,-0.000577346,0.051633855,0
3/1/1991,1991,-0.004279601,0.001238237,0.001924928,0.027659692,0,0.062786112,0.001624725,0.009412573,0
4/1/1991,1991,-0.027698185,0.001978729,0.001856437,0.019877512,0.015191598,0.003439372,0.0030279,-0.010471148,0
5/1/1991,1991,-0.024557957,0.002962232,0.005817681,-0.004451117,0,0.040839055,0.004096888,0.045609557,0
6/1/1991,1991,-0.02265861,0.002461236,0.001906578,0.000793672,0,-0.062122125,0.010665712,-0.042903365,0
7/1/1991,1991,-0.029366306,0.001718635,0.002854424,0.005128341,0.012906281,0.05321105,-0.003753807,0.038977036,0
8/1/1991,1991,-0.027070064,0.002941176,0.001897533,0.024116982,0,0.044328292,0.004265605,0.003560156,0
9/1/1991,1991,-0.027823241,0.004643206,0.001893939,-0.005649718,0,-0.002497457,0.007291519,-0.013525704,0
10/1/1991,1991,-0.034792368,0.000972999,0.00094518,-0.000826446,0.009443054,0.029469072,-0.002213789,0.01626804,0
11/1/1991,1991,-0.035465116,0.00291616,0.001888574,-0.00248139,0,-0.03822618,0.004754358,-0.05983783,0
12/1/1991,1991,-0.037371911,0.00072692,0.002827521,0.006711235,0,0.118583926,0.009919383,0.094126785,0
1/1/1992,1992,0.005009393,0.001937046,0.00093985,0.070963424,0.015733318,0.056069059,0.002151806,0.015593643,0.016020963
2/1/1992,1992,0.004361371,0.003383277,0.001877934,-0.008459912,0,0.017556428,0.011670996,0.009954567,0
3/1/1992,1992,0.004342432,0.004816956,0.001874414,-0.012604227,0,-0.051497595,0.002978228,-0.014630514,0
4/1/1992,1992,0.017912292,0.001677852,0.008687923,0.000122742,0.016919578,-0.043105761,0.002150244,0.036524353,0
5/1/1992,1992,0.017597087,0.001675042,0.001865672,0.018163521,0,0.01036468,0.006062257,0.010162546,0
6/1/1992,1992,0.016696482,0.00310559,-0.0001303,-0.015766254,0,-0.040746668,0.003994584,-0.026772913,0
7/1/1992,1992,0.019354839,0.002143367,0.00185701,0.016606657,0.014817109,0.02833118,0.00118012,0.020474861,0
8/1/1992,1992,0.018987342,0.002851711,0.002780352,0.006938923,0,-0.033130158,0.00663456,-0.042797764,0
9/1/1992,1992,0.01863354,0.002843602,0.003850893,0.00131601,0,0.032956055,-0.005921713,0.001653683,0
10/1/1992,1992,0.01940133,0.003544423,-0.001074114,-0.014289811,0.017385144,0.033566499,-0.010365833,-0.017646332,0
11/1/1992,1992,0.019032083,0.001412762,0.001843318,0.025066667,0,0.07740734,0.007379697,0.023331413,0
12/1/1992,1992,0.018676628,-0.000235128,0.001839926,0.030271497,0,0.037680964,0.066673418,-0.000689132,0
1/1/1993,1993,0.013095862,0.004233302,0.006607811,-0.000941144,0.007282957,0.023547575,-0.050416179,-0.002256594,0.020926512
2/1/1993,1993,0.012926577,0.003981265,0.001829826,0.014865703,0,-0.039914899,0.009632049,0.015002482,0
3/1/1993,1993,0.012761613,0.003265687,-0.002199236,0.019153271,0,0.024863569,-0.003697224,0.015130234,0
4/1/1993,1993,-0.008568548,0.002557545,0.008797654,-0.015727741,0.011810756,-0.044268921,0.015141977,-0.004970396,0
5/1/1993,1993,-0.008642603,0.001855288,-0.001092431,0.004897535,0,0.057952051,0.003361838,0.027994373,0
6/1/1993,1993,-0.008717949,0.000925926,0.00181653,0.006311061,0,0.003758229,-0.00413129,-0.004884478,0
7/1/1993,1993,0.018623901,0.000462535,0.004733975,-0.00171852,0.010744552,0.001065217,0.007545567,0.006652057,0
8/1/1993,1993,0.018283393,0.003005086,-0.001102283,0.015292092,0,0.051171286,0.006613714,0.028700828,0
9/1/1993,1993,0.017955112,0.001843743,0.00563338,0.011252285,0,0.02453654,-0.004315759,-0.027962945,0
10/1/1993,1993,0.024007839,0.003910743,0.002702703,0.0101472,0.019127888,0.017585642,-0.005013747,0.030647853,0
11/1/1993,1993,0.023444976,0.001145738,0.001796945,-0.002177193,0,-0.033005572,0.001788036,0.000348995,0
12/1/1993,1993,0.023375409,-0.000228885,0.002690583,0.006610642,0,0.029703564,0.060068149,0.019039589,0
1/1/1994,1994,0.012334399,0.002289377,0.001788909,0.015108917,0.014530625,0.028140828,-0.037959958,0.056752796,0.035590944
2/1/1994,1994,0.012184116,0.003426222,-0.001375623,-0.002981036,0,-0.013879943,0.001686502,-0.040051323,0
3/1/1994,1994,0.012483281,0.004097428,0.00877193,-0.016476526,0,-0.064548313,0.006289908,-0.05439286,0
4/1/1994,1994,0.036547776,0.000680118,0.001777778,-0.035747397,0.018449328,-0.0146322,0.01515295,0.011425432,0
5/1/1994,1994,0.035259133,0.001132759,0.001774623,0.008206068,0,0.001269253,0.003887179,0.020244933,0
6/1/1994,1994,0.034058268,0.003168138,0.001771479,0.008715902,0,-0.043053233,-0.000681494,-0.038795967,0
7/1/1994,1994,0.028174603,0.00248139,0.006445495,-0.007541279,0.011610984,0.020008289,0.006633602,0.035523157,0
8/1/1994,1994,0.027402547,0.00450045,-0.002011663,0.028444838,0,0.055915418,0.002217158,0.035385094,0
9/1/1994,1994,0.026671675,0.002464158,0.002640845,0.005859038,0,-0.004044398,0.006022245,-0.02077513,0
10/1/1994,1994,0.039882913,0.001117318,0.003511853,-0.00674576,0.016943354,0.016682703,0.01062855,0.016308008,0
11/1/1994,1994,0.038353272,0.001339286,0.001749781,-0.006036955,0,-0.036625806,-0.001178604,-0.044321518,0
12/1/1994,1994,0.036936632,-0.000445831,0.002620087,-0.012624455,0,0.002189047,0.004750234,0.025462014,0
1/1/1995,1995,0.02124183,0.004237288,0,0.022100661,0.008987044,0.000223829,0.006986268,-0.001604308,0.053141887
2/1/1995,1995,0.0208,0.003775261,0.001444226,0.035830199,0,0.047348602,0.004246411,0.039251551,0
3/1/1995,1995,0.020376176,0.003318584,0.001734605,0.023302623,0,0.02597106,0.004139122,0.033534838,0
4/1/1995,1995,0.019354839,0.003307607,-0.002043693,0.029930042,0.007804539,0.02911966,0.005545506,0.035694934,0
5/1/1995,1995,0.018685955,0.001758242,0.000534668,0.031304759,0,0.022594691,-0.001120679,0.031473872,0
6/1/1995,1995,0.018639053,0.00197455,0.005517746,0.029667246,0,0.077750331,0.006141128,0.01797058,0
7/1/1995,1995,0.007261109,0.000656886,0.003439381,0.033410587,0.013471579,0.072590857,0.005604789,0.033443119,0
8/1/1995,1995,0.007208766,0.002188184,0.001713796,0.003121804,0,0.0158673,0.002713823,-0.023104174,0
9/1/1995,1995,0.007157171,0.002183406,0.003421728,0.035163027,0,0.021145543,0.005063733,0.036264256,0
10/1/1995,1995,-0.011654349,0.002832244,0.00170503,0.007170379,0.01164383,-0.010703799,0.004835534,-0.009957979,0
11/1/1995,1995,-0.01150417,-0.000434499,0.002553191,0.021632471,0,0.022944936,0.003140939,0.067716878,0
12/1/1995,1995,-0.011929008,-0.000434688,-0.000376187,0.031971521,0,-0.005493702,0.001982075,0.009000122,0
1/1/1996,1996,0.000883392,0.005653403,-0.007511723,-0.000244073,0.01233592,0.001289133,0.00077406,0.048105215,0.040462089
2/1/1996,1996,0.000588408,0.003675676,0.015648543,0.057159598,0,0.034259223,0.011773805,0.013705679,0
3/1/1996,1996,0.000882094,0.004954761,0.00168492,-0.003802691,0,-0.003581607,0.005322914,0.013017152,0
4/1/1996,1996,0.008519389,0.003644159,0.002954684,0.000154543,0.020889962,0.076349848,0.003604923,-0.006832797,0
5/1/1996,1996,0.008447422,0.001708672,0.004601107,0.021725358,0,0.042543118,0.006201768,0.011468151,0
6/1/1996,1996,0.008376661,0.001066098,0.007101243,0.010994661,0,-0.047555336,0.009789157,0.001422361,0
7/1/1996,1996,0.010312231,0.001916933,-0.00042046,-0.036544503,0.012270629,-0.089785393,0.000469522,-0.024009752,0
8/1/1996,1996,0.010490502,0.001488095,0.005410266,0.028894375,0,0.05443813,0.006653048,0.013324714,0
9/1/1996,1996,0.01010101,0.003396307,0.003308519,0.018410092,0,0.071552194,0.007212395,0.044170669,0
10/1/1996,1996,0.025277778,0.002961709,0.002473207,0.03938478,0.015786073,-0.007452605,0.001633631,0.021899453,0
11/1/1996,1996,0.024654565,0.001898334,0.003289474,0.048769709,0,0.056261489,0.006741329,0.079666992,0
12/1/1996,1996,0.024061343,0,0.003278689,0.010303533,0,-0.001222017,0.007236203,-0.01125893,0
1/1/1997,1997,0.012909889,0.003578947,0.001166116,0.03090481,0.012456035,0.064855678,0.004262278,0.053336794,0.047652595
2/1/1997,1997,0.013000255,0.003146633,0.005363577,0.041985331,0,-0.054275419,0.008434989,0.006385583,0
3/1/1997,1997,0.012581782,0.002300293,0.006163168,-0.007803204,0,-0.069000728,0.007146828,-0.045146482,0
4/1/1997,1997,0.002485089,0.00083455,0.002427184,-0.03563674,0.018674691,0.030689862,0.0030487,0.063317893,0
5/1/1997,1997,0.002726822,-0.000208464,0.00694576,0.090531855,0,0.111389187,0.004821171,0.046588466,0
6/1/1997,1997,0.002472188,0.001251043,-0.007076743,0.051855142,0,0.028533813,0.005371718,0.045328314,0
7/1/1997,1997,0.000739827,0.001041233,0.009059895,0.055917562,0.016903505,0.103849088,0.004642718,0.070327603,0
8/1/1997,1997,0.00073928,0.00187227,0.008514783,0.002107447,0,-0.005930698,0.008881086,-0.074719178,0
9/1/1997,1997,0.000738734,0.002906977,0.002386635,0.010547431,0,0.059323032,0.005092379,0.039771078,0
10/1/1997,1997,-0.007627953,0.002277433,0.005555556,0.015090393,0.011899585,-0.056987134,0.00794358,-0.065667833,0
11/1/1997,1997,-0.007438631,-0.000413138,0.001044751,-0.012868497,0,0.004985453,0.010507969,0.051852318,0
12/1/1997,1997,-0.007744192,-0.00144658,0.005263877,0.024975504,0,-0.017640293,0.004324459,0.012152297,0
1/1/1998,1998,-0.001510574,0.002069536,0.003137255,0.00102871,0.0114732,0.029275306,0.007964558,-0.00209698,0.048148049
2/1/1998,1998,-0.001512859,0.001445684,0.000228231,0.062676466,0,0.091282647,0.006617611,0.078821738,0
3/1/1998,1998,-0.001515152,0.001856053,0.003117693,0.05185887,0,0.034856511,0.005323063,0.027800112,0
4/1/1998,1998,-0.00480526,0.00205846,0.000975192,0.03284641,0.011641486,0.016551719,0.005026474,0.028013565,0
5/1/1998,1998,-0.004828463,0.001848809,0.006788196,-0.003398669,0,-0.049722956,0.00769623,-0.01988164,0
6/1/1998,1998,-0.00485189,0.00102522,-0.001361,-2.70656E-05,0,0.063791226,0.003951236,0.004584918,0
7/1/1998,1998,-0.007441622,0.001229005,0.004451098,0.043477476,0.016878827,-0.013042739,0.004847612,-0.008928785,0
8/1/1998,1998,-0.007755946,0.001636661,0.004611837,-0.070864099,0,-0.200297272,0.008979748,-0.152390517,0
9/1/1998,1998,-0.007556019,0.001021242,-0.002754399,-0.05023171,0,0.12836034,0.003645143,0.038948916,0
10/1/1998,1998,-0.003412969,0.00244848,0.008899801,0.011590767,0.018955395,0.04313059,0.005164851,0.092793233,0
11/1/1998,1998,-0.003161222,0,-0.000623795,0.108438986,0,0.100570629,0.00736726,0.06103881,0
12/1/1998,1998,-0.003435518,-0.000610625,0.0059507,0.039862639,0,0.125434108,0.003936183,0.007755551,0
1/1/1999,1999,0.005833996,0.002647658,0.000872635,0.049342465,0.013263731,0.139936082,0.007632702,0.016737643,0.045756666
2/1/1999,1999,0.006063802,0.001218769,0.002260739,-0.001753726,0,-0.088103196,0.007091382,-0.00621487,0
3/1/1999,1999,0.005765199,0.003043214,-0.000657895,0.028140994,0,0.072343023,0.001257402,0.048188944,0
4/1/1999,1999,0.022928609,0.006877023,0.006677325,0.041430645,0.011350218,0.025824177,0.003402137,0.094042243,0
5/1/1999,1999,0.022414671,-0.000200884,0.000819081,-0.002015344,0,-0.028447848,0.004278075,-0.021252997,0
6/1/1999,1999,0.021923269,0.000401849,0.002978407,-0.007146772,0,0.087268697,0.001790044,0.038926514,0
7/1/1999,1999,0.023890785,0.002610966,0.006638226,0.044187365,0.016558325,-0.020264533,0.006152176,-0.031268453,0
8/1/1999,1999,0.023333333,0.003004808,0.00147929,-0.038740324,0,0.035545175,0.005957198,0.013723341,0
9/1/1999,1999,0.022801303,0.004393849,0.002247862,-0.007020769,0,-0.002709502,0.004670495,-0.049779494,0
10/1/1999,1999,0.031847134,0.001988467,0.00512614,-0.013776675,0.022466973,0.078803253,0.008741492,0.035989162,0
11/1/1999,1999,0.031084656,0.000396904,0.001466276,0.069991769,0,0.123905065,0.009084695,0.01312951,0
12/1/1999,1999,0.029933718,0,0.002928258,0.027088426,0,0.219758991,0.013832135,0.05693338,0
1/1/2000,2000,0.019306622,0.003372347,0.003649635,-0.002162836,0.010453081,-0.034849517,0.01847142,-0.051506785,0.036392638
2/1/2000,2000,0.018737271,0.005733491,0.003636364,-0.025757756,0,0.184927377,0.006729731,-0.07967775,0
3/1/2000,2000,0.018592563,0.00805976,0.003623188,0.038405322,0,-0.034063751,0.003636669,0.069858714,0
4/1/2000,2000,0.006280667,0.000780031,0.003610108,0.013278233,0.024475207,-0.156299655,0.001172922,-0.017864609,0
5/1/2000,2000,0.006436513,0.000779423,-3.76443E-05,-0.02934253,0,-0.120254895,-0.003807531,-0.021009736,0
6/1/2000,2000,0.00620155,0.005646417,0.003586801,0.030652529,0,0.159987253,0.007644168,-0.012341446,0
7/1/2000,2000,0.011363636,0.001936108,0.002859185,0.007551506,0.007040228,-0.052109282,0.01252553,0.005076622,0
8/1/2000,2000,0.011426395,0.000193237,-7.27304E-05,0.008458927,0,0.116633358,0.001955417,0.06587351,0
9/1/2000,2000,0.011109019,0.005216383,0.006488028,-0.011720275,0,-0.131517433,0.004704384,-0.055380309,0
10/1/2000,2000,-0.022905028,0.001729771,0.003541076,-0.0530704,0.011550583,-0.083785895,0.002003803,0.028681738,0
11/1/2000,2000,-0.023632552,0.000575595,0.00201016,-0.008704159,0,-0.229536377,-0.000326497,-0.051376448,0
12/1/2000,2000,-0.02400937,-0.000767018,-0.002357251,-0.034186236,0,-0.048400963,-0.000326604,0.036560646,0
1/1/2001,2001,-0.0304,0.006524659,0.006586259,0.003531365,0.003243023,0.114758528,0.012272068,0.002424301,0.009376554
2/1/2001,2001,-0.031353135,0.004194471,-0.001676686,-0.022371465,0,-0.227092989,0.005587606,-0.039928162,0
3/1/2001,2001,-0.032367973,0.002468198,0.007830165,-0.091824622,0,-0.146540882,0.002567652,-0.06066045,0
4/1/2001,2001,-0.063380282,0.003598485,-0.001550614,0.003364675,0.011930148,0.145256,-0.005022109,0.082228375,0
5/1/2001,2001,-0.067904135,0.004340442,0.003460208,0.067681369,0,-0.006822277,-0.002815315,0.012313207,0
6/1/2001,2001,-0.072598941,0.002066892,0.003448276,-0.024921873,0,0.021599449,-0.000766314,-0.039514016,0
7/1/2001,2001,-0.076923077,-0.003187699,0.000687285,-0.027657805,-0.000144181,-0.059157611,-0.00221998,0.004701183,0
8/1/2001,2001,-0.083038869,0.000376223,-0.000202004,-0.021545104,0,-0.109366406,-0.001759709,-0.054458303,0
9/1/2001,2001,-0.090879897,0.004136894,-0.000901119,-0.113585066,0,-0.173267157,-0.000871274,-0.114437748,0
10/1/2001,2001,-0.042741081,-0.003370787,-0.000914066,0.030584699,0.006039848,0.131600546,2.02799E-05,0.029256548,0
11/1/2001,2001,-0.044280443,-0.001691094,0.006388121,0.049313109,0,0.143791995,0.001744033,0.087045726,0
12/1/2001,2001,-0.046718147,-0.003952569,0.002719239,0.013499398,0,0.014435032,0.001093184,0.021443833,0
1/1/2002,2002,0,0.002645503,-0.001606659,-0.004122523,0.012068898,-0.010429909,-0.00129421,-0.012163652,0.00405827
2/1/2002,2002,0.000405022,0.003957784,0.003646416,-0.034677823,0,-0.108411288,0.000222731,0.014579331,0
3/1/2002,2002,0,0.005256242,0.006351539,0.048261513,0,0.059883219,0.004109478,0.023807807,0
4/1/2002,2002,0.027530364,0.005788982,0.000674309,-0.036280432,0.009663126,-0.09021571,0.003487833,-0.049280282,0
5/1/2002,2002,0.02679275,-0.000185667,0.002695418,-0.029390339,0,-0.042945418,0.003596255,-0.00210863,0
6/1/2002,2002,0.02609363,0.000742804,0.004032258,-0.06044012,0,-0.095028401,0.005485156,-0.069359346,0
7/1/2002,2002,0.041136874,0.001113379,-0.000280374,-0.108903177,0.009073912,-0.093492641,-0.004240747,-0.056130053,0
8/1/2002,2002,0.039511494,0.003151066,0.005636707,0.009916002,0,-0.012859674,0.002439317,-0.01112808,0
9/1/2002,2002,0.038009675,0.001662971,0.002663116,-0.049027451,0,-0.110470225,0.002054412,-0.125523431,0
10/1/2002,2002,-0.027296937,0.002029146,0.001022459,-0.015187656,0.007224493,0.132942959,0.000159239,0.104498441,0
11/1/2002,2002,-0.027720739,-0.000184094,0.001984127,0.064706364,0,0.112074114,0.000955281,0.059433043,0
12/1/2002,2002,-0.028863076,-0.002209538,0.00330033,-0.011814096,0,-0.094976952,-0.000198827,-0.060355014,0
1/1/2003,2003,0.032982965,0.004244326,0.001315789,-0.003714495,0.010120072,-0.015096301,-0.003122203,-0.038554625,0.018363628
2/1/2003,2003,0.031929825,0.007901507,-0.001345162,-0.065647884,0,0.004734258,0.001775455,-0.027774024,0
3/1/2003,2003,0.030941857,0.006016408,0.005294466,0.011469123,0,-0.003677231,0.005197443,0.006354203,0
4/1/2003,2003,0.046503958,-0.002355926,-0.00591716,0.051262063,0.011567749,0.094933001,0.003625342,0.063322624,0
5/1/2003,2003,0.044437441,-0.001453224,0.006258181,0.051605002,0,0.091425125,0.008448313,0.045876919,0
6/1/2003,2003,0.042546771,0.001273422,-0.001016219,0.055600667,0,0.015402099,0.004208342,0.013833785,0
7/1/2003,2003,0.03878437,0.00090843,0.002604167,0.004595142,0.02249216,0.068389798,0.002397474,0.026910643,0
8/1/2003,2003,0.037614935,0.003811944,0.004278757,-0.003032623,0,0.039014391,0.005308496,0.015363348,0
9/1/2003,2003,0.035982814,0.003074141,-0.002967359,0.030226471,0,-0.015811324,0.004777563,-0.017761357,0
10/1/2003,2003,0.087869362,-0.000721111,0.003626629,0.018922153,0.017458573,0.082070215,0.007469151,0.057474343,0
11/1/2003,2003,0.080533715,-0.002886524,0.005567404,0.010753516,0,0.017427139,0.007260915,0.000951688,0
12/1/2003,2003,0.074751929,-0.00108558,-0.00591716,0.029278979,0,0.023456087,-0.001327895,0.070163274,0
1/1/2004,2004,0.022363562,0.005071545,0.005569536,0.048008588,0.012821011,0.026180867,0.000208947,-0.001735333,0.018881343
2/1/2004,2004,0.021673691,0.00540638,0.004907335,0.009571575,0,-0.023226726,0.000493771,0.00335999,0
3/1/2004,2004,0.021410332,0.006452769,-0.001675386,-0.016950042,0,-0.02321346,0.004479708,-0.027714328,0
4/1/2004,2004,0.026538462,0.003027605,0.001928021,0.008345344,0.015840212,-0.040636699,0.007558865,-0.015618846,0
5/1/2004,2004,0.026039715,0.005681818,0.00618406,-0.026981718,0,0.02864355,0.012059717,-0.009422631,0
6/1/2004,2004,0.025196275,0.003177966,-0.004010351,0.027185839,0,0.027705717,0.003724912,0.021250843,0
7/1/2004,2004,0.009617097,-0.001231961,0.004896375,-0.023756135,0.01605031,-0.076987709,0.009176175,-0.026917962,0
8/1/2004,2004,0.00952549,0.000176211,0.001910828,-0.015291405,0,-0.02681496,0.006000842,0.002639551,0
9/1/2004,2004,0.009435611,0.001937984,0.00317864,0.026374272,0,0.029684408,0.003055268,-0.01138226,0
10/1/2004,2004,0.004500606,0.005626868,0.004874141,-0.000402627,0.017806953,0.035831997,0.003136615,-0.010350833,0
11/1/2004,2004,0.004480441,0.000524567,-0.001066661,0.046302844,0,0.061681802,-0.000903702,0.039177992,0
12/1/2004,2004,0.004460456,-0.003670045,0.004233732,0.025895256,0,0.041340869,0.003762799,0.037860299,0
1/1/2005,2005,0.009564475,0.001929486,-0.000443974,-0.014843105,0.019078733,-0.05405607,0.002613272,-0.029326244,0.042557024
2/1/2005,2005,0.009304686,0.005777311,0.00485975,0.01542225,0,-0.011066355,0.002714314,0.021039962,0
3/1/2005,2005,0.009386524,0.007832898,-0.000455023,-0.003942882,0,-0.032827697,0.001129397,-0.032334181,0
4/1/2005,2005,0.016771837,0.006735751,0.005479488,-0.025500042,0.011651209,-0.045283386,0.005837586,-0.036159023,0
5/1/2005,2005,0.016658501,-0.00085778,-0.001090295,0.011894232,0,0.077084584,0.003275712,0.028523127,0
6/1/2005,2005,0.0162249,0.000343407,0.002493766,0.020343212,0,-0.006194139,0.004737823,-0.01912904,0
7/1/2005,2005,0.016914322,0.004462753,0.004353234,0.016627157,0.018036453,0.057359589,0.009572251,0.03094241,0
8/1/2005,2005,0.016632986,0.005126452,0.00123839,0.001660885,0,-0.020211652,0.003253796,-0.020178783,0
9/1/2005,2005,0.016360856,0.012240734,0.004207888,0.001347742,0,-0.011607784,0.00510898,-0.003940085,0
10/1/2005,2005,0.016849707,0.002183406,0.006176652,-0.027701644,0.014414124,-0.016864252,0.00546467,-0.013689574,0
11/1/2005,2005,0.016570499,-0.007876655,0.000613874,0.038096916,0,0.062011297,0.003174713,0.043005829,0
12/1/2005,2005,0.016300393,-0.004391892,0.003680982,0.019961693,0,-0.00853549,0.00378384,-0.004388867,0
1/1/2006,2006,0.013604468,0.007634883,0.003667482,0.013200536,0.020372829,0.037597236,0.016054967,0.006034311,0.041510982
2/1/2006,2006,0.013280588,0.002188921,0.00365408,-0.001626614,0,-0.012877225,0.008785983,0.010279663,0
3/1/2006,2006,0.013245956,0.005712366,0.003640777,0.013386598,0,0.020069295,0.003644266,0.005110589,0
4/1/2006,2006,0.00839411,0.008185767,0.009022417,0.006515992,0.010722855,-0.015817683,0.00364769,0.014516316,0
5/1/2006,2006,0.008187773,0.004971002,-0.002350664,-0.009338258,0,-0.066265486,-0.004762932,-0.022848279,0
6/1/2006,2006,0.008256632,0.002143446,0.007175223,-0.028557918,0,-0.005461312,0.003084876,-0.0031833,0
7/1/2006,2006,0.018257484,0.0029615,0.003588517,0.005641693,0.00855743,-0.039391755,0.004438534,3.30601E-05,0
8/1/2006,2006,0.017930125,0.002132546,2.10955E-05,0.021353076,0,0.041651898,0.002002582,0.015873954,0
9/1/2006,2006,0.017614299,-0.004910787,0.002376708,0.023765684,0,0.039103112,0.005698429,0.031028175,0
10/1/2006,2006,0.012472954,-0.005428524,0.007120234,0.034635057,0.012241527,0.053719613,0.006306661,0.040071024,0
11/1/2006,2006,0.012319296,-0.001653986,-0.000595543,0.018527483,0,0.029097485,0.00732798,0.013266182,0
12/1/2006,2006,0.012169378,0.001491054,0.006502603,0.020005185,0,-0.008330469,0.011795013,0.018148265,0
1/1/2007,2007,0.006747638,0.003057072,-2.42359E-05,0.005464481,0.012206185,0.016946682,0.009415683,0.009560789,0.036186052
2/1/2007,2007,0.006580551,0.005353361,0.000541858,0.014492754,0,-0.024010449,0.007741485,-0.033296509,0
3/1/2007,2007,0.006658596,0.009106061,0.010040574,-0.026197398,0,-0.007213547,0.003919717,-0.001728292,0
4/1/2007,2007,0.00709561,0.006494404,-5.48172E-05,0.040292832,0.012231633,0.036076644,-0.001160347,0.050639579,0
5/1/2007,2007,0.007045617,0.006106858,0.004053272,0.032453336,0,0.025671863,-0.001161695,0.036565501,0
6/1/2007,2007,0.006996324,0.001939251,0.00758584,0.002018344,0,-0.002911321,0.002577563,-0.017653152,0
7/1/2007,2007,-0.024846915,-0.000254755,-0.000660415,0.004305933,0.010612999,-0.021881594,0.001473585,-0.014664776,0
8/1/2007,2007,-0.025359256,-0.001831819,0.002290951,-0.043459963,0,0.022142703,-0.001017469,0.012659902,0
9/1/2007,2007,-0.026142981,0.002755179,0.003428571,0.029217253,0,0.037143708,0.006299065,0.037759455,0
10/1/2007,2007,-0.052671756,0.002139164,0.001138952,0.028414556,0.01007898,0.056631835,0.001510409,5.04509E-05,0
11/1/2007,2007,-0.055600322,0.005942043,0.002844141,-0.049536911,0,-0.075335386,0.006778818,-0.0455056,0
12/1/2007,2007,-0.05887372,-0.000673446,0.00340329,0.010817349,0,-0.00245023,0.006347098,-0.007188685,0
1/1/2008,2008,-0.029162889,0.004970008,-0.000140487,-0.067914171,-0.002074856,-0.103343568,0.000429679,-0.051741314,0.003282101
2/1/2008,2008,-0.030038911,0.002906843,0.003382187,-0.017327164,0,-0.051869429,0.002730354,-0.032726989,0
3/1/2008,2008,-0.030969191,0.008668447,0.007475078,-0.027995306,0,-0.005698952,0.003977299,-0.009284481,0
4/1/2008,2008,-0.049842689,0.006064387,-0.000728062,0.040647258,0.010550242,0.052528921,-0.004982402,0.039398371,0
5/1/2008,2008,-0.052283025,0.008419384,0.003348214,0.023896911,0,0.03682832,0.000336886,-0.022369949,0
6/1/2008,2008,-0.055351232,0.010079623,0.003337041,-0.044162711,0,-0.100206691,0.000336772,-0.110962449,0
7/1/2008,2008,-0.035234573,0.005249636,0.000348714,-0.0625685,0.001997621,0.0090441,-0.000443778,-0.002620808,0
8/1/2008,2008,-0.036319613,-0.003992928,0.007409234,0.019199415,0,0.021518621,0.002847563,0.018898326,0
9/1/2008,2008,-0.037897822,-0.001383547,-0.001870513,-0.050348428,0,-0.114922647,0.001114419,-0.059261726,0
10/1/2008,2008,-0.225462459,-0.01009802,-0.000237114,-0.203911418,-0.01858042,-0.168947383,0.003476776,-0.131879665,0
11/1/2008,2008,-0.290812026,-0.019153521,0.000839092,-0.088521883,0,-0.09048862,-0.006336808,-0.034155555,0
12/1/2008,2008,-0.410459588,-0.010342086,0.000271291,-0.006205834,0,0.038000622,-0.016027161,0.003830285,0
1/1/2009,2009,-0.179435484,0.004350926,-0.001918131,-0.013651488,-0.011332499,-0.067611704,-0.022878103,-0.09207167,-0.011928509
2/1/2009,2009,-0.219492219,0.004973984,0.005737624,-0.069722036,0,-0.071356121,-0.012120441,-0.121552283,0
3/1/2009,2009,-0.280167891,0.002430633,-0.003312255,-0.059734486,0,0.106675818,-0.005361714,0.074652921,0
4/1/2009,2009,0.032069971,0.002493793,0.001081081,0.120217136,-0.002896722,0.12067329,0.009291935,0.070843939,0
5/1/2009,2009,0.029661017,0.002888359,-0.002482823,0.063974533,0,0.029794074,0.004619234,0.038097766,0
6/1/2009,2009,0.030178326,0.008593291,0.001618996,0.026274088,0,0.025642104,-6.3861E-05,-0.015308107,0
7/1/2009,2009,0.223701731,-0.00158639,0.00465158,0.010473805,0.004700251,0.079978676,-0.004039469,0.087594232,0
8/1/2009,2009,0.18171926,0.002244627,0.004303389,0.078978863,0,0.012905866,-1.6031E-05,0.033675591,0
9/1/2009,2009,0.154696133,0.000624861,0.001606856,0.034484466,0,0.055539126,-0.000464907,0.021892598,0
10/1/2009,2009,1.0215311,0.000961437,-0.000888573,0.02212436,0.014403919,-0.037231125,0.003769106,-0.000788118,0
11/1/2009,2009,0.505325444,0.000707259,0.012860192,0.019116573,0,0.047765819,0.004857472,0.064190694,0
12/1/2009,2009,0.335691824,-0.001760726,-0.001412896,0.020504196,0,0.060738707,-1.59013E-05,0.009728889,0
1/1/2010,2010,0.065136355,0.003417908,0.00567397,0.011887822,0.006380152,-0.056844038,-0.006837661,-0.037814581,-0.007409052
2/1/2010,2010,0.061153067,0.000248037,-0.004427403,-0.030634223,0,0.041462528,-0.005603855,0.024762092,0
3/1/2010,2010,0.057628884,0.00410622,0.006042296,0.057741746,0,0.066847379,0.005023588,0.047937009,0
4/1/2010,2010,0.033809289,0.001739464,0.005123517,0.039295169,0.013908235,0.024637702,0.011727198,0.012293421,0
5/1/2010,2010,0.032544848,0.000773284,0.002637131,-0.060351452,0,-0.083724013,0.010831182,-0.079984878,0
6/1/2010,2010,0.031672817,-0.000976186,-0.001945084,-0.03706469,0,-0.063902362,-0.000234981,-0.034959125,0
7/1/2010,2010,0.023695976,0.000214419,0.003530067,-0.003286073,0.010305373,0.068060416,0.004356001,0.070791845,0
8/1/2010,2010,0.023001893,0.001378115,0.00668149,0.006927209,0,-0.063183507,0.002745796,-0.04472566,0
9/1/2010,2010,0.02262701,0.00058107,0,0.032006475,0,0.119482307,0.000248934,0.076310476,0
10/1/2010,2010,0.025466184,0.001247047,0.004709576,0.044114502,0.010671544,0.05769767,0.00451081,0.029759533,0
11/1/2010,2010,0.024833763,0.00042127,0.000520833,0.023310401,0,-0.004505296,0.000510994,-0.010951733,0
12/1/2010,2010,0.024231992,0.001716409,0.000520562,0.035566232,0,0.060100292,0.006082367,0.050144821,0
1/1/2011,2011,0.017065288,0.004765727,0.002202308,0.03309626,0.002951608,0.012605567,0.008076178,0.022805762,-0.006610125
2/1/2011,2011,0.01677895,0.004928057,0.002474864,0.030016685,0,0.02604221,0.005096824,0.022870503,0
3/1/2011,2011,0.016502063,0.009753478,0,-0.012587804,0,-0.010720902,0.000835041,-0.001842913,0
4/1/2011,2011,0.010453819,0.006435527,0.006101548,0.020713076,0.013761832,0.026983657,0.000394417,0.032655393,0
5/1/2011,2011,0.010467381,0.00470524,0.002065049,0.005106984,0,-0.01760949,0.000606557,-0.023059139,0
6/1/2011,2011,0.010238497,-0.00107108,0.000515198,-0.038122707,0,-0.020933256,0.004834359,-0.011504675,0
7/1/2011,2011,0.012400143,0.000887361,0.005558518,0.029441695,0.006173195,-0.00704703,0.009848428,-0.02269093,0
8/1/2011,2011,0.012130491,0.002757247,-0.005424156,-0.105554675,0,-0.066646759,-0.002285014,-0.0461277,0
9/1/2011,2011,0.012101466,0.001517768,0.003499954,-0.009643047,0,-0.065245065,-0.001856148,-0.061933324,0
10/1/2011,2011,-0.000114969,-0.00205986,0.006578465,0.02840154,0.013122882,0.113326609,-0.005818749,0.097367226,0
11/1/2011,2011,-0.000114982,-0.000846286,-0.002967359,0.015904309,0,-0.023008693,-0.003740968,0.008466507,0
12/1/2011,2011,-0.000114995,-0.002464275,0.00297619,0.013779945,0,-0.003180246,0.011068211,0.016931032,0
1/1/2012,2012,0.006095457,0.004399317,0.003992888,0.046054113,0.014135952,0.07538058,0.015409728,0.029485077,0.047848163
2/1/2012,2012,0.006058528,0.00440214,-0.002449366,0.039912962,0,0.049760317,0.009969766,0.020771256,0
3/1/2012,2012,0.006022043,0.007595564,0.003062787,0.027172105,0,0.034666175,0.004482995,0.01288812,0
4/1/2012,2012,-0.002371809,0.003019688,0.002035623,-0.002022689,0.008270974,-0.01812813,0.001671803,-0.003426114,0
5/1/2012,2012,-0.002264236,-0.00117377,-0.003473724,-0.032572867,0,-0.070240734,-0.004223328,-0.060402151,0
6/1/2012,2012,-0.002382844,-0.001464216,0.00501476,-0.013263549,0,0.039022393,0.001909287,0.040189122,0
7/1/2012,2012,-0.005345769,-0.001630747,0.001521298,0.027427691,0.006494077,0.003304032,-0.001745632,0.011776085,0
8/1/2012,2012,-0.005488851,0.005564671,-0.003472186,0.032115489,0,0.037795704,0.00343908,0.000967535,0
9/1/2012,2012,-0.005404162,0.004461588,0.005516657,0.028479818,0,0.011528384,0.011879348,0.02188285,0
10/1/2012,2012,0,-0.00038806,-0.002967359,-0.003879675,0.006256447,-0.044606573,0.005008826,-0.025352949,0
11/1/2012,2012,0.000115607,-0.004739343,0.002526529,-0.03012199,0,0.01652905,0.012695285,-7.44442E-05,0
12/1/2012,2012,0,-0.002692713,0.008487543,0.019920976,0,0.005763851,0.01339632,0.008716767,0
1/1/2013,2013,0.004623743,0.00296024,-0.003418208,0.040856647,0.01288158,0.036907066,-0.018993947,0.05397075,0.022333379
2/1/2013,2013,0.004487401,0.008189117,0.008474829,0.021554985,0,-0.002335765,-0.001446809,0.005863635,0
3/1/2013,2013,0.004581901,0.002612633,0.00150075,0.025470968,0,0.031170873,-8.52297E-05,0.034493859,0
4/1/2013,2013,0.012314709,-0.00103688,-0.001464512,0.012812494,0.004124121,0.019671805,0.004688033,0.018837101,0
5/1/2013,2013,0.01227754,0.001775867,0.000498753,0.04401859,0,0.036314582,0.004948955,0.016750839,0
6/1/2013,2013,0.012017358,0.002400408,0.002991027,-0.012848815,0,-0.017016538,0.002771837,-0.015403248,0
7/1/2013,2013,0.01253436,0.000397442,-0.004946582,0.030832051,0.012671171,0.064596247,-0.004756626,0.038629309,0
8/1/2013,2013,0.012379194,0.001203285,0.004977101,0.000844979,0,-0.010960382,0.002777386,-0.045331067,0
9/1/2013,2013,0.012227824,0.001160446,0.005461265,0.010226994,0,0.049635951,0.002474447,0.020640163,0
10/1/2013,2013,0.020557381,-0.002573403,-0.001981662,0.019476401,0.01391136,0.04213254,0.002117723,0.030290179,0
11/1/2013,2013,0.020247119,-0.002044022,0.005947972,0.036923775,0,0.037637835,0.00750133,0.036646813,0
12/1/2013,2013,0.019743538,-8.73711E-05,-0.001985545,0.013590948,0,0.0287453,0.006028615,0.030475607,0
1/1/2014,2014,0.002195609,0.003724341,0.000456749,0.008065141,0.001253751,-0.020960357,0.009209654,-0.056367116,0.032854249
2/1/2014,2014,0.002091217,0.003696251,0.001902253,-0.002919291,0,0.045959643,0.006936559,0.035915021,0
3/1/2014,2014,0.002186227,0.006441064,0.007997663,0.025580064,0,-0.031537906,0.005910487,0.001924775,0
4/1/2014,2014,0.007535944,0.003294576,0.001464844,0.000397098,0.019196875,-0.023697468,-0.000688882,0.003804421,0
5/1/2014,2014,0.007381163,0.003492161,0.001950268,0.013683714,0,0.027333,0.000608256,0.004525227,0
6/1/2014,2014,0.007424775,0.001863488,0.000973236,0.030331733,0,0.037105893,0.002836803,0.004694148,0
7/1/2014,2014,0.009212568,-0.000390773,0.001944579,0.013358396,0.016563386,-0.007797218,0.004445223,-0.01474076,0
8/1/2014,2014,0.009032382,-0.001671592,0.002911208,-0.005863869,0,0.050107132,0.006759022,0.034210523,0
9/1/2014,2014,0.009046757,0.000753686,0.000483793,0.016160854,0,-0.019872867,0.004662253,-0.004164895,0
10/1/2014,2014,-0.011513779,-0.002513201,0.001450677,-0.028075034,0.00723719,0.033419356,0.005475928,0.022274546,0
11/1/2014,2014,-0.011552416,-0.005400405,0.005388816,0.05538722,0,0.039504451,0.007358177,0.030818005,0
12/1/2014,2014,-0.011784024,-0.005667216,-0.001926782,0.004744274,0,-0.005263299,0.004987433,0.006100834,0
1/1/2015,2015,-0.0099697,-0.004705762,0.004343629,-0.012700375,0.007521942,-0.016834072,0.005262267,-0.032555336,0.051645973
2/1/2015,2015,-0.010070096,0.004340914,0.001441615,0.026634717,0,0.065976198,0.004133356,0.051608286,0
3/1/2015,2015,-0.010172534,0.005950603,-0.001044873,-0.001061377,0,-0.018013096,0.002322701,-0.025002702,0
4/1/2015,2015,-0.014609572,0.002035894,-0.001057335,0.007149073,0.013079664,0.005505296,0.003733457,0.000875652,0
5/1/2015,2015,-0.014723926,0.005094914,0.00334608,0.008153289,0,0.021319495,0.00546392,0.004919565,0
6/1/2015,2015,-0.015047738,0.003506669,0.003931861,-0.005989753,0,-0.020027341,0.001989999,-0.025315351,0
7/1/2015,2015,-0.014961543,6.57476E-05,0.000951928,-0.00245321,0.006877722,0.028355665,0.003373733,0.003992764,0
8/1/2015,2015,-0.015081827,-0.001415579,0.002377556,-0.025915173,0,-0.067733108,0.002880235,-0.064816036,0
9/1/2015,2015,-0.015421373,-0.001559064,0.00142315,-0.0467971,0,-0.03094513,0.000670547,-0.012905881,0
10/1/2015,2015,-0.015221707,-0.000447545,0.004263382,0.041349304,0.000333175,0.094857485,0.004298737,0.085668591,0
11/1/2015,2015,-0.015344982,-0.002113809,0,0.02756308,0,0.012729514,0.000717586,0.005035922,0
12/1/2015,2015,-0.015697873,-0.003415139,0.00485975,-0.012755813,0,-0.016214308,0.002352497,-0.013033072,0
1/1/2016,2016,-0.000346701,0.001652732,0.000327338,-0.065956535,0.004002981,-0.080264247,0.002409729,-0.056747686,0.040769285
2/1/2016,2016,-0.000346821,0.00082148,-0.000628005,-0.007390806,0,-0.01304385,-0.00200328,0.002130002,0
3/1/2016,2016,-0.000346941,0.00430958,0.001872659,0.061714328,0,0.063520231,0.00247149,0.065845889,0
4/1/2016,2016,0.001850995,0.00473828,0.002803738,0.026504117,0.011559202,-0.023930376,0.003541661,0.000379569,0
5/1/2016,2016,0.001847575,0.004046216,0.000931966,-0.004813205,0,0.032318409,0.000635997,-0.002940151,0
6/1/2016,2016,0.001844168,0.003283682,0.002327747,0.008878991,0,-0.02494256,0.003651545,0.004284116,0
7/1/2016,2016,0.008283479,-0.001614999,0.002322341,0.031196464,0.009094151,0.067958917,0.005078663,0.029927938,0
8/1/2016,2016,0.00832953,0.000915629,0.001390176,0.010261064,0,0.008955871,0.00079069,-0.002629871,0
9/1/2016,2016,0.008147561,0.002403406,0.000925497,-0.006107925,0,0.017045292,0.005061353,-0.007818829,0
10/1/2016,2016,0.02042878,0.0012486,0.003698567,-0.006798938,0.009844341,-0.024958924,0.0047288,-0.009977545,0
11/1/2016,2016,0.0200198,-0.001556387,0.000921234,0.010251888,0,0.027851828,0.002616105,0.056051316,0
12/1/2016,2016,0.019626874,0.00032919,-0.001140896,0.037709181,0,0.011166735,0.004584527,0.032450947,0
1/1/2017,2017,0.020200952,0.00582807,0.005288669,0.012681216,0.010454361,0.03620607,0.005898703,-0.00049514,0.040829093
2/1/2017,2017,0.019904624,0.003145281,0.001833181,0.024082246,0,0.034585462,0.003354369,0.044780352,0
3/1/2017,2017,0.019414515,0.000812633,-0.001607905,0.015841814,0,0.013856064,0.001599423,-0.008094975,0
4/1/2017,2017,0.012364144,0.002965823,0.008267934,-0.003173034,0.008661504,0.020082755,0.0053309,0.010553885,0
5/1/2017,2017,0.012311632,0.000851893,-0.001149615,0.015275653,0,0.023981894,0.002078059,0.002305568,0
6/1/2017,2017,0.012064604,0.000907094,0.005257756,0.016131254,0,-0.010313413,0.004612304,0.0152692,0
7/1/2017,2017,0.009805807,-0.000689585,0.002269632,0.008262154,0.013176609,0.034807435,0.004045413,0.026333753,0
8/1/2017,2017,0.009710586,0.002996172,-0.001612695,0.00086386,0,0.009804332,0.003107498,-0.000242449,0
9/1/2017,2017,0.009617198,0.005293243,0.003618272,0.014909088,0,0.004700645,0.0059955,0.015009964,0
10/1/2017,2017,0.008685095,-0.000630276,0.002524196,0.025737713,0.015664422,0.036660244,0.004730347,0.044385284,0
11/1/2017,2017,0.008702898,2.57141E-05,0.005680526,0.01431756,0,0.02174605,0.00740007,0.038290206,0
12/1/2017,2017,0.008536026,-0.000588703,0.00017959,0.02727087,0,0.004280845,0.006489676,0.018410397,0
